[
{
  "model": "auth.user",
  "pk": 1,
  "fields": {
    "password": "pbkdf2_sha256$1200000$TQx8D2y7qdBFWm7DMudx6s$JVSSW7kfkAiXGoFyxvRu2PIT7Nsxv8/Tgr4XMTGIiaA=",
    "last_login": "2026-07-19T19:00:15.094Z",
    "is_superuser": true,
    "username": "admin1",
    "first_name": "",
    "last_name": "",
    "email": "admin1@gmail.com",
    "is_staff": true,
    "is_active": true,
    "date_joined": "2026-07-19T09:00:40.001Z",
    "groups": [],
    "user_permissions": []
  }
},
{
  "model": "auth.user",
  "pk": 2,
  "fields": {
    "password": "pbkdf2_sha256$1200000$xxgR3uD85itvp5nWMGyhbe$VM23LJUDGkt/5HrF/eCaj6Dd518gXiEdhn1nTRvya70=",
    "last_login": "2026-07-19T20:10:31.225Z",
    "is_superuser": false,
    "username": "vendedor1",
    "first_name": "",
    "last_name": "",
    "email": "vendedor1@example.com",
    "is_staff": false,
    "is_active": true,
    "date_joined": "2026-07-19T09:00:40.246Z",
    "groups": [],
    "user_permissions": []
  }
},
{
  "model": "auth.user",
  "pk": 3,
  "fields": {
    "password": "pbkdf2_sha256$1200000$VB3a7jw3ObWVcCa3YmCKur$wDRK/mBJR/Jvvlv3wPwkClSx4wUqlNDBk1rR9b8GyJw=",
    "last_login": "2026-07-19T20:10:42.016Z",
    "is_superuser": false,
    "username": "comprador1",
    "first_name": "",
    "last_name": "",
    "email": "comprador1@example.com",
    "is_staff": false,
    "is_active": true,
    "date_joined": "2026-07-19T09:00:40.501Z",
    "groups": [],
    "user_permissions": []
  }
},
{
  "model": "auth.user",
  "pk": 4,
  "fields": {
    "password": "pbkdf2_sha256$1200000$lhGvPVMbTkM9I67bzaEoFi$ZOrbB+NvIyrfZ5sD7pywfWCdJItxvGQ8U1AdS0CJjrY=",
    "last_login": null,
    "is_superuser": false,
    "username": "vendedor2",
    "first_name": "",
    "last_name": "",
    "email": "vendedor2@gmail.com",
    "is_staff": false,
    "is_active": true,
    "date_joined": "2026-07-19T15:02:55.645Z",
    "groups": [],
    "user_permissions": []
  }
},
{
  "model": "auth.user",
  "pk": 5,
  "fields": {
    "password": "pbkdf2_sha256$1200000$2RUs3WcduhnPnEXT87QPj5$NVW/VlMoXObSH2sjijqc+tEuePWn7iZuGRC1kU4/1i0=",
    "last_login": "2026-07-19T20:14:49.374Z",
    "is_superuser": false,
    "username": "comprador2",
    "first_name": "",
    "last_name": "",
    "email": "comprador2@gmail.com",
    "is_staff": false,
    "is_active": true,
    "date_joined": "2026-07-19T15:03:22.115Z",
    "groups": [],
    "user_permissions": []
  }
},
{
  "model": "auth.user",
  "pk": 6,
  "fields": {
    "password": "pbkdf2_sha256$1200000$j50w5aknBKuMVzTOlBY4Uu$d1QTZVEFE7vuRoWCLUDScHfcS2xdNHtErc1bNKoE23o=",
    "last_login": null,
    "is_superuser": false,
    "username": "vendedor3",
    "first_name": "",
    "last_name": "",
    "email": "vendedor3@gmail.com",
    "is_staff": false,
    "is_active": true,
    "date_joined": "2026-07-19T15:03:41.601Z",
    "groups": [],
    "user_permissions": []
  }
},
{
  "model": "auth.user",
  "pk": 7,
  "fields": {
    "password": "pbkdf2_sha256$1200000$EmtE3LHMvynxACDZxfTl2l$SiSfiDtbrv49w956azv2MDJbudQTUn22WRgDDI8zXes=",
    "last_login": null,
    "is_superuser": false,
    "username": "vendedor4",
    "first_name": "",
    "last_name": "",
    "email": "vendedor4@gmail.com",
    "is_staff": false,
    "is_active": true,
    "date_joined": "2026-07-19T15:04:05.137Z",
    "groups": [],
    "user_permissions": []
  }
},
{
  "model": "auth.user",
  "pk": 8,
  "fields": {
    "password": "pbkdf2_sha256$1200000$m8JxgnqdL7ccHSr62XxYKy$PfVYA3mu3c51tWiERzUFeErzSXljfdlTmCHrK5iqxLA=",
    "last_login": null,
    "is_superuser": true,
    "username": "admin",
    "first_name": "",
    "last_name": "",
    "email": "admin@example.com",
    "is_staff": true,
    "is_active": true,
    "date_joined": "2026-07-19T16:27:37.674Z",
    "groups": [],
    "user_permissions": []
  }
},
{
  "model": "auth.user",
  "pk": 9,
  "fields": {
    "password": "pbkdf2_sha256$1200000$7KGAPjKB0Rlz6JzIxjogOB$zbSgE5iRhmsY0APEl6HDC5rj09n4p3fI3mbZsCnbQQQ=",
    "last_login": null,
    "is_superuser": false,
    "username": "delivery1",
    "first_name": "Delivery",
    "last_name": "Prueba",
    "email": "delivery1@example.com",
    "is_staff": false,
    "is_active": true,
    "date_joined": "2026-07-21T00:00:00.000Z",
    "groups": [],
    "user_permissions": []
  }
},
{
  "model": "marketplace.perfil",
  "pk": 1,
  "fields": {
    "usuario": 2,
    "rol": "vendedor",
    "aprobado": true
  }
},
{
  "model": "marketplace.perfil",
  "pk": 2,
  "fields": {
    "usuario": 3,
    "rol": "comprador",
    "aprobado": true
  }
},
{
  "model": "marketplace.perfil",
  "pk": 3,
  "fields": {
    "usuario": 4,
    "rol": "vendedor",
    "aprobado": false
  }
},
{
  "model": "marketplace.perfil",
  "pk": 4,
  "fields": {
    "usuario": 5,
    "rol": "comprador",
    "aprobado": false
  }
},
{
  "model": "marketplace.perfil",
  "pk": 5,
  "fields": {
    "usuario": 6,
    "rol": "vendedor",
    "aprobado": false
  }
},
{
  "model": "marketplace.perfil",
  "pk": 6,
  "fields": {
    "usuario": 7,
    "rol": "vendedor",
    "aprobado": false
  }
},
{
  "model": "marketplace.perfil",
  "pk": 7,
  "fields": {
    "usuario": 9,
    "rol": "delivery",
    "aprobado": true
  }
},
{
  "model": "marketplace.producto",
  "pk": 1,
  "fields": {
    "vendedor": 2,
    "nombre": "Plßtano",
    "categoria": "Fruta",
    "descripcion": "Plßtanos frescos y de buena calidad.",
    "precio": 1500,
    "unidad_venta": "kg",
    "stock": 20,
    "imagen": "productos/platano1_79b1CnG.png",
    "imagen2": "",
    "imagen3": "",
    "imagen4": "",
    "imagen5": "",
    "borrador": false,
    "estado": "activo",
    "fecha_creacion": "2026-07-19T14:56:14.254Z"
  }
},
{
  "model": "marketplace.producto",
  "pk": 2,
  "fields": {
    "vendedor": 2,
    "nombre": "Tomate",
    "categoria": "Verdura",
    "descripcion": "Tomates frescos y de buena calidad.",
    "precio": 1200,
    "unidad_venta": "kg",
    "stock": 25,
    "imagen": "productos/tomate1_EcswbMh.jpeg",
    "imagen2": "",
    "imagen3": "",
    "imagen4": "",
    "imagen5": "",
    "borrador": false,
    "estado": "activo",
    "fecha_creacion": "2026-07-19T14:57:12.034Z"
  }
},
{
  "model": "marketplace.productimage",
  "pk": 1,
  "fields": {
    "producto": 1,
    "imagen": "productos/platano2_5e4RQQP.png",
    "orden": 0
  }
},
{
  "model": "marketplace.productimage",
  "pk": 2,
  "fields": {
    "producto": 2,
    "imagen": "productos/tomate2_yeGDDep.jpg",
    "orden": 0
  }
},
{
  "model": "marketplace.productactionlog",
  "pk": 1,
  "fields": {
    "producto": 1,
    "actor": 2,
    "accion": "publicado",
    "razon": null,
    "fecha": "2026-07-19T14:56:14.264Z"
  }
},
{
  "model": "marketplace.productactionlog",
  "pk": 2,
  "fields": {
    "producto": 2,
    "actor": 2,
    "accion": "publicado",
    "razon": null,
    "fecha": "2026-07-19T14:57:12.046Z"
  }
},
{
  "model": "marketplace.productactionlog",
  "pk": 3,
  "fields": {
    "producto": 1,
    "actor": 3,
    "accion": "pedido_creado",
    "razon": null,
    "fecha": "2026-07-19T16:06:05.192Z"
  }
},
{
  "model": "marketplace.productactionlog",
  "pk": 4,
  "fields": {
    "producto": 2,
    "actor": 3,
    "accion": "pedido_creado",
    "razon": null,
    "fecha": "2026-07-19T16:06:05.209Z"
  }
},
{
  "model": "marketplace.productactionlog",
  "pk": 5,
  "fields": {
    "producto": 1,
    "actor": 5,
    "accion": "pedido_creado",
    "razon": null,
    "fecha": "2026-07-19T16:24:34.192Z"
  }
},
{
  "model": "marketplace.productactionlog",
  "pk": 6,
  "fields": {
    "producto": 2,
    "actor": 5,
    "accion": "pedido_creado",
    "razon": null,
    "fecha": "2026-07-19T16:24:34.200Z"
  }
},
{
  "model": "marketplace.productactionlog",
  "pk": 7,
  "fields": {
    "producto": 1,
    "actor": 2,
    "accion": "pedido_cancelado",
    "razon": "Pedido #3 - Se cancela porque...",
    "fecha": "2026-07-19T16:32:32.704Z"
  }
},
{
  "model": "marketplace.productactionlog",
  "pk": 8,
  "fields": {
    "producto": 1,
    "actor": 5,
    "accion": "pedido_creado",
    "razon": null,
    "fecha": "2026-07-19T16:33:34.153Z"
  }
},
{
  "model": "marketplace.productactionlog",
  "pk": 9,
  "fields": {
    "producto": 2,
    "actor": 5,
    "accion": "pedido_creado",
    "razon": null,
    "fecha": "2026-07-19T16:33:34.162Z"
  }
},
{
  "model": "marketplace.notificacion",
  "pk": 1,
  "fields": {
    "usuario": 5,
    "mensaje": "Tu Pedido N░3 fue cancelado por el vendedor. Motivo: Se cancela porque...",
    "leida": true,
    "fecha": "2026-07-19T16:32:32.693Z"
  }
},
{
  "model": "marketplace.carrito",
  "pk": 1,
  "fields": {
    "comprador": 3,
    "fecha_creacion": "2026-07-19T14:59:22.483Z",
    "fecha_actualizacion": "2026-07-19T14:59:22.483Z"
  }
},
{
  "model": "marketplace.carrito",
  "pk": 2,
  "fields": {
    "comprador": 5,
    "fecha_creacion": "2026-07-19T16:15:15.382Z",
    "fecha_actualizacion": "2026-07-19T16:15:15.382Z"
  }
},
{
  "model": "marketplace.solicitudentrega",
  "pk": 1,
  "fields": {
    "comprador": 3,
    "tipo_entrega": "tienda",
    "direccion_entrega": null,
    "referencia": null,
    "tipo_pago": "efectivo",
    "fecha_creacion": "2026-07-19T16:06:05.164Z"
  }
},
{
  "model": "marketplace.solicitudentrega",
  "pk": 2,
  "fields": {
    "comprador": 5,
    "tipo_entrega": "tienda",
    "direccion_entrega": null,
    "referencia": null,
    "tipo_pago": "transferencia",
    "fecha_creacion": "2026-07-19T16:24:34.171Z"
  }
},
{
  "model": "marketplace.solicitudentrega",
  "pk": 3,
  "fields": {
    "comprador": 5,
    "tipo_entrega": "tienda",
    "direccion_entrega": null,
    "referencia": null,
    "tipo_pago": "efectivo",
    "fecha_creacion": "2026-07-19T16:33:34.131Z"
  }
},
{
  "model": "marketplace.pedido",
  "pk": 1,
  "fields": {
    "comprador": 3,
    "vendedor": 2,
    "producto": 1,
    "solicitud": 1,
    "productos_detalle": "",
    "cantidad": 1,
    "precio_unitario": 1500,
    "total": 1500,
    "tipo_entrega": "tienda",
    "direccion_entrega": null,
    "referencia": null,
    "tipo_pago": "efectivo",
    "estado": "pendiente",
    "motivo_cancelacion": null,
    "fecha_creacion": "2026-07-19T16:06:05.182Z"
  }
},
{
  "model": "marketplace.pedido",
  "pk": 2,
  "fields": {
    "comprador": 3,
    "vendedor": 2,
    "producto": 2,
    "solicitud": 1,
    "productos_detalle": "",
    "cantidad": 1,
    "precio_unitario": 1200,
    "total": 1200,
    "tipo_entrega": "tienda",
    "direccion_entrega": null,
    "referencia": null,
    "tipo_pago": "efectivo",
    "estado": "pendiente",
    "motivo_cancelacion": null,
    "fecha_creacion": "2026-07-19T16:06:05.201Z"
  }
},
{
  "model": "marketplace.pedido",
  "pk": 3,
  "fields": {
    "comprador": 5,
    "vendedor": 2,
    "producto": 1,
    "solicitud": 2,
    "productos_detalle": "",
    "cantidad": 2,
    "precio_unitario": 1500,
    "total": 2700,
    "tipo_entrega": "tienda",
    "direccion_entrega": null,
    "referencia": null,
    "tipo_pago": "transferencia",
    "estado": "cancelado",
    "motivo_cancelacion": "Se cancela porque...",
    "fecha_creacion": "2026-07-19T16:24:34.183Z"
  }
},
{
  "model": "marketplace.pedido",
  "pk": 4,
  "fields": {
    "comprador": 5,
    "vendedor": 2,
    "producto": 1,
    "solicitud": 3,
    "productos_detalle": "Plßtano (x2), Tomate (x1)",
    "cantidad": 3,
    "precio_unitario": 1500,
    "total": 4200,
    "tipo_entrega": "tienda",
    "direccion_entrega": null,
    "referencia": null,
    "tipo_pago": "efectivo",
    "estado": "pendiente",
    "motivo_cancelacion": null,
    "fecha_creacion": "2026-07-19T16:33:34.145Z"
  }
},
{
  "model": "marketplace.itemcarrito",
  "pk": 8,
  "fields": {
    "carrito": 2,
    "producto": 1,
    "cantidad": 1,
    "fecha_agregado": "2026-07-19T16:54:20.961Z"
  }
},
{
  "model": "marketplace.itemcarrito",
  "pk": 9,
  "fields": {
    "carrito": 1,
    "producto": 1,
    "cantidad": 1,
    "fecha_agregado": "2026-07-19T16:59:45.875Z"
  }
}
]

